,Old,New,difference,ratio
0,328786.39272851555,285178.9606484375,43607.432080078055,1.1529125149377213
1,462533.0762773437,453093.62726660154,9439.44901074213,1.0208333298962686
2,390570.7663720703,342745.7755576172,47824.99081445311,1.1395348804420595
3,437511.72796875006,410725.2975585938,26786.43041015626,1.0652173863391867
4,418644.59191992186,367381.9927597656,51262.59916015627,1.1395348715245206
5,415192.13045507815,355878.9726640625,59313.157791015634,1.1666666545286597
6,502618.25539941405,420558.1376816406,82060.11771777342,1.1951219352694877
7,482167.470725586,413286.40830175777,68881.06242382823,1.1666666530527063
8,322592.24147363286,276507.638109375,46084.60336425784,1.16666665586297
9,1626224.8117333984,1427095.251859375,199129.5598740233,1.1395348766065725
10,417177.18406738277,417177.18696386716,-0.0028964843950234354,0.9999999930569444
11,578418.0659892578,543004.7198798829,35413.34610937489,1.0652173817516883
12,550482.1045898438,494310.4683066406,56171.636283203145,1.1136363477707245
13,488818.1637587891,458890.5298291015,29927.633929687552,1.0652173709944137
14,845242.3892548828,776243.0340488281,68999.35520605475,1.0888888559117356
15,456319.54009960935,428381.62275000004,27937.917349609314,1.0652173572952583
16,404286.5605087891,437289.5598613281,-33002.99935253902,0.9245282705514286
17,510018.58323437494,598491.2232714843,-88472.64003710932,0.8521738722357557
18,512758.2817578125,648796.2328046875,-136037.95104687498,0.7903225324555366
19,2202357.9923457033,2988914.6022939454,-786556.6099482421,0.7368420598753233
20,569383.2460234375,860197.9722236329,-290814.7262001954,0.6619211674628432
21,1303614.2875361328,1170592.5164404297,133021.77109570312,1.1136362732782534
22,510211.8130703125,645574.1691796874,-135362.3561093749,0.7903225336890787
23,353745.5760634765,382622.79202832025,-28877.215964843752,0.9245282388648025
24,360334.2156748047,352980.4768896484,7353.738785156282,1.0208332734148786
25,351724.67060546874,323012.4645986328,28712.206006835913,1.088888848430394
26,381086.71856738284,342200.335493164,38886.383074218815,1.113636309029848
27,393800.0088876954,337542.88193554693,56257.12695214845,1.166666607304996
28,371820.52494238276,303526.96851757815,68293.55642480461,1.2249999621396064
29,382225.27313085936,320996.07586035156,61229.19727050781,1.190747494673877
30,416033.91593847657,339619.5237050781,76414.39223339845,1.2249999982325983
31,468971.34996875,392404.6011748047,76566.7487939453,1.1951219444540535
32,389866.7573632813,334171.508071289,55695.24929199228,1.1666666605224487
33,546911.4164853515,524588.5028320312,22322.913653320284,1.042553188895312
34,1680646.4683613281,1440554.115038086,240092.35332324216,1.1666666672337362
35,1744022.9753447264,1423692.2189580076,320330.7563867187,1.2250000050019005
36,1004598.6334960936,1007038.4673447264,-2439.833848632872,0.9975772188176029
37,661096.2086777344,566653.885788086,94442.32288964838,1.1666666818287157
38,770155.5868867188,723003.1965771484,47152.39030957036,1.0652174022643328
39,463481.0767324219,425645.8827373047,37835.19399511715,1.088888899269508
40,431347.45115234377,387332.4025078125,44015.048644531285,1.1136363711364001
41,426831.0535322266,365855.1872207031,60975.86631152348,1.1666666715176013
42,409859.3498701172,334579.0606464844,75280.28922363283,1.2250000017280636
43,378162.66774121096,324139.4295488281,54023.23819238285,1.166666666463806
44,363412.16630078125,326329.29293652344,37082.8733642578,1.1136363610834994
45,275273.93819433596,235949.09041308594,39324.84778125002,1.1666666640350356
46,301318.0579707031,270571.31721875,30746.740751953097,1.1136363642236886
47,408071.8573544921,366431.8702128907,41639.98714160145,1.1136363687945847
48,424265.8627421875,398290.39913574216,25975.46360644535,1.0652173983174338
49,526538.8300458984,451318.9941220704,75219.83592382807,1.1666666745771461
50,509564.75362695317,447169.0643320313,62395.689294921875,1.1395348969144965
51,626099.5118349609,613321.963038086,12777.548796874937,1.0208333462144115
52,1296548.1743974609,1190707.4875585937,105840.68683886714,1.0888889067590237
53,473716.80379589845,386707.58996582025,87009.2138300782,1.2250000157425631
54,956647.8149189452,839507.2532392578,117140.56167968735,1.139534901250344
55,402079.9186601562,369257.06367480464,32822.85498535156,1.088888902107118
56,546678.1543017578,468581.2723613281,78096.88194042968,1.1666666735246907
57,297042.0076894531,254607.4354501953,42434.57223925777,1.1666666653478726
58,312456.38958203123,255066.43895898436,57389.95062304687,1.2250000072815357
59,226785.78134570312,151024.3432939453,75761.43805175781,1.501650504808354
60,597549.2147919922,357427.3779951172,240121.836796875,1.6718059431926204
61,991703.5810761721,769076.2451357421,222627.33594042994,1.2894736865798477
62,400845.84707421873,319040.57082421874,81805.27625,1.256410261675065
63,440560.1288339843,386613.9876132813,53946.14122070302,1.1395348925519575
64,431653.9358320312,378798.3478300781,52855.58800195309,1.1395348958218348
65,494094.0715048829,403342.0933964843,90751.97810839856,1.2250000175885178
66,394430.1474404297,330033.3837763672,64396.76366406254,1.1951219689572319
67,296690.2466142578,248251.0181435547,48439.22847070309,1.1951219730454132
68,2943804.864499023,2524299.2626816407,419505.6018173825,1.1661869525611352
69,10884815.905607425,8867161.682085937,2017654.2235214878,1.2275422842010082
70,2448320.0755283204,2148525.7082792968,299794.36724902363,1.1395349220601703
71,1024548.4920283201,857275.2334501954,167273.2585781247,1.1951220005562457
72,2625519.5532314456,2250445.226717774,375074.3265136718,1.1666667209051382
73,156525.40979492187,143747.81795996096,12777.591834960913,1.0888889446552847
74,190140.1963515625,170738.1262558594,19402.070095703122,1.1136364239269452
75,239902.28015429687,235006.302078125,4895.9780761718575,1.0208333905639018
76,2213035.9661279297,2032379.852133789,180656.11399414064,1.0888889514450117
77,6274540.866237305,4296594.477263672,1977946.3889736328,1.4603521229290661
78,216092.34936132815,176401.90667089843,39690.442690429714,1.2250000776039094
79,297452.94225878903,248889.18050000002,48563.76175878901,1.1951220284514898
80,223432.59386914063,196073.48734277344,27359.10652636719,1.1395349615959975
81,239725.63083496096,190802.01952734374,48923.61130761722,1.2564103431861526
82,241440.84644628907,206949.2829423828,34491.563503906276,1.1666667456562734
83,257671.84117871092,152499.65073339845,105172.19044531247,1.6896552873368584
84,230310.85497265623,202109.5117285156,28201.343244140648,1.1395349630156062
85,166805.193359375,136167.4948876953,30637.6984716797,1.2250000890223343
86,,,,
87,133039.2851484375,114033.67282324217,19005.61232519534,1.1666666683152
88,114780.78984863282,89013.67354296875,25767.116305664065,1.2894736873568726
89,159036.5808359375,120088.84616601562,38947.734669921876,1.324324330804869
90,113207.66925,97035.14455468749,16172.524695312517,1.1666666728795148
91,110147.05721093749,96659.66187890625,13487.395332031243,1.139534890458525
92,148168.54949023438,136073.15666796875,12095.392822265625,1.0888888971083366
93,182982.16693847656,182982.16539062498,0.0015478515706490725,1.0000000084590297
94,,,,
95,,,,
96,,,,
97,192901.6280419922,157470.7152949219,35430.91274707031,1.225000011466976
98,213485.69466210937,174274.03505957033,39211.65960253903,1.225000009835864
99,192380.17000390627,160971.16118066406,31409.008823242213,1.1951219621755147
100,157984.23306250002,141863.39137890626,16120.841683593753,1.1136363760015875
101,159067.43771972656,142836.06462304687,16231.373096679687,1.1136363784560663
102,137481.2645654297,129064.04269433593,8417.221871093774,1.0652174044402778
103,,,,
104,,,,
105,164104.7874609375,167453.8628251953,-3349.075364257791,0.9800000113001043
106,,,,
107,122158.84357226561,114679.7294453125,7479.114126953107,1.0652174029632646
108,106877.27560546875,91609.09221679688,15268.183388671867,1.1666666814309115
109,92802.45886035156,77651.03605371094,15151.422806640621,1.195121965869978
110,117016.02060546874,90747.11714160157,26268.903463867173,1.2894736967002185
111,119672.18589550782,107460.73725292968,12211.448642578136,1.1136363750588842
112,181030.57830664061,147780.0625419922,33250.515764648415,1.225000011454185
113,148701.26928515625,121388.78999316404,27312.479291992204,1.2250000127155918
114,143437.72500976562,114164.71859082031,29273.00641894531,1.2564102708811746
115,141086.91639648436,97897.0438408203,43189.87255566406,1.4411764733763606
116,143389.7290263672,122905.4816513672,20484.24737499999,1.1666666701905573
117,479866.00981347647,381934.1699384766,97931.83987499989,1.2564102601523586
118,176048.4194638672,158084.2944609375,17964.125002929708,1.1136363676365626
119,225086.76456933597,192931.5116923828,32155.252876953164,1.166666671477818
120,171366.42253320315,143388.23039648437,27978.192136718775,1.195121957076644
121,166486.26329492187,149497.86819335938,16988.39510156249,1.113636370249707
122,166917.80157910154,156698.34319042967,10219.458388671861,1.065217399116036
123,192209.9608486328,168674.04583007813,23535.91501855466,1.1395348934848264
124,154176.40901953125,141590.57839453124,12585.830625000002,1.08888889901933
125,150202.26982617186,122614.09656347656,27588.1732626953,1.225000012526399
126,116306.6243671875,99691.39124316406,16615.233124023434,1.1666666792069948
127,138676.87449414062,118865.89117773437,19810.983316406244,1.1666666788943167
128,135521.66698632814,96801.1897890625,38720.477197265645,1.4000000132399266
129,316763.56928125,265047.0660751953,51716.50320605468,1.1951219606837014
130,217488.67205371094,181980.31604003906,35508.35601367187,1.195121960365534
131,249462.65723828127,203642.9838349609,45819.67340332037,1.2250000100197618
132,212188.11979101563,168884.42023046874,43303.6995605469,1.2564102686408394
133,97177.18151660156,79328.31059472656,17848.870921875,1.2250000130856376
134,213246.02962402345,169726.4295419922,43519.60008203125,1.256410272692763
135,132480.28440527344,196784.14663964845,-64303.862234375,0.6732264090758877
136,112294.9953574219,89377.64792773438,22917.34742968752,1.256410276629982
137,81167.83046777344,61289.99351855469,19877.83694921875,1.3243243441231725
138,94135.87593359375,74924.4715390625,19211.404394531244,1.2564102755735183
139,114907.76277441406,91457.19738964844,23450.56538476562,1.2564102777483521
140,106232.97774023438,82384.75662011719,23848.22112011719,1.289473709682524
141,92801.43522851562,70074.55179296875,22726.88343554687,1.3243243496254125
142,80108.48395703125,45776.27552929687,34332.208427734375,1.7500000389014112
143,98937.47748828125,70669.62665820312,28267.850830078125,1.4000000023602344
144,91472.15076953125,70937.58620703124,20534.564562500003,1.2894736861016092
145,92585.81359570312,73690.74948339842,18895.064112304695,1.2564102583399768
146,85359.32440820312,81875.27018261718,3484.0542255859327,1.0425531936299568
147,95549.1804921875,93599.1969248047,1949.9835673828056,1.020833336518361
148,171317.12423437502,143536.14218066406,27780.982053710963,1.1935469466550381
149,,,,
150,,,,
151,,,,
152,134190.3481748047,86559.68436816407,47630.66380664063,1.550263834189289
153,201093.4726494141,127222.40049707031,73871.07215234378,1.5806451683329532
154,155928.60248046875,120508.812921875,35419.78955859375,1.293918666193784
155,687010.0277910156,521837.14168164064,165172.88610937493,1.316521904855409
156,185793.71555566406,152009.584125,33784.13143066407,1.222250008939455
157,,,,
158,203425.8343125,154059.35941796875,49366.474894531246,1.3204380122118915
159,188613.43229785154,134179.25339941407,54434.17889843747,1.4056825292983421
160,133292.39762890624,100204.66435644531,33087.73327246093,1.3302015278925754
161,130271.15632617187,95901.18857421874,34369.967751953125,1.3583893824772977
162,,,,
163,,,,
164,204131.0816318359,183301.3782314453,20829.7034003906,1.1136363708847294
165,187753.99703515624,168595.42493847656,19158.57209667968,1.113636370047829
166,,,,
167,173757.78821875,156027.40074804687,17730.387470703135,1.113636370186889
168,134456.64725390624,109760.52785839843,24696.119395507805,1.2250000057157904
169,147969.2949746094,114751.69735546873,33217.597619140666,1.2894736930665331
170,328512.54484082037,248060.49140722654,80452.05343359383,1.3243243330576184
171,180476.97896191408,132595.3317519531,47881.64720996097,1.3611111083422864
172,231361.46461230467,174701.51453808593,56659.95007421874,1.3243243209655549
173,301368.4192216797,200186.09895703127,101182.32026464841,1.5054412908379147
174,417871.1844892578,285757.9006708984,132113.28381835943,1.4623259182272326
175,,,,
176,185563.62119726563,147693.4951386719,37870.12605859374,1.256410250316284
177,102870.47769140624,75578.31052050782,27292.16717089842,1.3611111042696942
178,205762.89495996092,163770.46834277344,41992.42661718748,1.2564102493087879
179,185138.37164941404,122651.3805566406,62486.991092773445,1.5094683060980048
180,246232.68667871098,174020.10126855466,72212.58541015632,1.4149669198198835
181,176259.4514980469,147482.39905078124,28777.052447265654,1.19512194426236
182,135049.42373535156,110244.42819335939,24804.995541992175,1.224999992729667
183,212464.15659667965,177776.1321074219,34688.02448925775,1.1951219439755691
184,253847.20973632814,196861.1025283203,56986.10720800783,1.2894736770043733
185,235848.34807421875,168463.10695996095,67385.2411142578,1.3999999900884734
186,473194.1437617187,347652.84266992187,125541.30109179683,1.361111101890203
187,202834.8168544922,149021.4990527344,53813.3178017578,1.361111102383387
188,174964.8899277344,139257.77024609374,35707.119681640645,1.2564102499884904
189,201611.09708984377,160465.97612988282,41145.12095996094,1.256410249401765
190,206136.53154492186,168274.7203798828,37861.81116503905,1.2249999945301673
191,138101.36281445314,121190.99243261719,16910.37038183595,1.139534878313982
192,144933.14001757812,141975.3213232422,2957.8186943359033,1.0208333298123107
193,261847.22974121096,235128.12566406254,26719.104077148426,1.1136363589072416
194,171144.01441992185,143202.13534960937,27941.879070312483,1.1951219442510128
195,111669.27317480468,93437.55562597656,18231.71754882812,1.1951219445616525
196,94645.47622851563,73398.53303222655,21246.94319628908,1.2894736763602666
197,186452.78284667968,186452.78400683592,-0.0011601562437135726,0.9999999937777478
198,107677.1084736328,96689.64898242187,10987.459491210931,1.1136363572196692
199,121136.41915820312,104655.27374902344,16481.145409179677,1.1574803143576267
200,106834.10769433592,88665.04174023439,18169.065954101534,1.2049180330544724
201,111131.8027109375,88451.84292382814,22679.959787109357,1.2564102571230833
202,158947.69991796874,132997.05474511717,25950.645172851568,1.195121953810066
203,111465.19748242188,95541.59747363282,15923.600008789057,1.1666666711657567
204,89869.18717382813,80698.86157226562,9170.325601562508,1.113636368876784
205,101450.87361914062,84887.46514550781,16563.408473632808,1.1951219587631818
206,111773.59266406251,93524.84220214844,18248.750461914067,1.1951219593877578
207,75134.67034277343,62867.78495996093,12266.8853828125,1.1951219593727536
208,102489.41070507813,83664.82444238281,18824.586262695317,1.2250000091216253
209,117987.26078320314,101131.9371689453,16855.32361425784,1.1666666741100815
210,108885.46906347654,93330.40162011719,15555.067443359352,1.1666666720954781
211,136306.88885058594,108489.15603222656,27817.732818359378,1.2564102610411694
212,122400.26206054687,99918.58093652342,22481.681124023453,1.2250000041364246
213,100861.04958496093,96744.27183203126,4116.777752929673,1.0425531938477688
214,111650.92502929688,109372.33447070312,2278.590558593758,1.0208333356842092
215,171409.60297558593,150420.67154296875,20988.931432617188,1.1395348871755406
216,149283.60365625,131003.97829101562,18279.625365234373,1.1395348874415672
217,249118.44035058594,223698.1905029297,25420.249847656232,1.1136363677797534
218,129598.21023437502,121663.62543164063,7934.584802734389,1.0652173957054454
219,160417.6229453125,157143.79325585937,3273.829689453123,1.0208333375542407
220,186137.6022548828,159546.51549609375,26591.086758789053,1.1666666719489722
221,311028.4460283203,266595.8099599609,44432.63606835937,1.1666666706991102
222,200623.2387714844,184245.83094335938,16377.407828125026,1.0888888923253832
223,199390.22635546877,170905.90755957033,28484.318795898434,1.166666671753111
224,210361.77887988283,93698.99085351564,116662.78802636718,2.245080517555968
225,239598.25608105471,185810.89122558595,53787.36485546877,1.2894736928534913
226,183654.10163964843,146173.67179687502,37480.42984277342,1.2564102644616928
227,227634.80916796875,176533.117859375,51101.691308593756,1.289473680226398
228,277627.6729277344,209637.22339746097,67990.44953027341,1.3243243181167648
229,157411.91115917967,118862.05614453125,38549.85501464842,1.3243243156400846
230,149962.28009472656,122418.18897460937,27544.0911201172,1.2249999885705718
231,148975.97840917966,118572.71890332033,30403.25950585933,1.2564102416395544
232,128510.81899121094,97038.78292285158,31472.03606835936,1.3243243074614865
233,132829.70838574218,113854.03743554687,18975.670950195316,1.166666649489154
234,110360.10677050782,92342.1317314453,18017.975039062512,1.1951219308155396
235,117824.36106835937,98587.73254492188,19236.628523437495,1.1951219287315717
236,120930.59432128904,101186.82579785158,19743.768523437466,1.1951219278572989
237,98968.30228027343,88869.49761914063,10098.804661132803,1.1136363424086435
238,177885.59649707034,174255.281390625,3630.3151064453414,1.0208333146489106
239,125131.37533398438,130238.78087597656,-5107.405541992179,0.9607842955251873
240,133386.21363574217,138830.55137890624,-5444.337743164069,0.9607842964744482
241,55906.411930664064,58094.53081933593,-2188.1188886718664,0.9623351999265379
242,148072.34717578127,153619.37096679688,-5547.023791015614,0.9638911176624038
243,171519.41297265625,157805.53497070313,13713.878001953126,1.086903656481372
244,213386.33018652347,195967.04136523436,17419.288821289112,1.0888888697810355
245,197999.77726074218,197999.7801650391,-0.002904296910855919,0.9999999853318174
246,188066.9331123047,172714.53247851564,15352.400633789046,1.0888888758431416
247,177171.04065136716,162708.10112597657,14462.939525390597,1.0888888716990968
248,230758.06633789063,193083.28298730467,37674.78335058596,1.195121932710576
249,172658.25489648437,144469.1546689453,28189.10022753908,1.1951219296059088
250,218300.8030136719,191570.09728808596,26730.705725585925,1.139534854885979
251,153569.56776074218,122228.8424580078,31340.725302734383,1.2564102275083036
252,341224.4194472656,250695.49788476562,90528.9215625,1.361111078285548
253,157712.96907031248,115870.7558876953,41842.21318261718,1.3611110746802382
254,153408.01153320313,115838.70573730468,37569.30579589844,1.324324288300466
255,163735.51472558593,123637.02191699219,40098.49280859374,1.3243243179661444
256,222764.73425390624,254588.2692802734,-31823.53502636717,0.8749999946331659
257,235025.28395214843,187060.94176367187,47964.342188476556,1.256410246501771
258,289340.48183105467,236196.31393652345,53144.167894531216,1.2249999883944567
259,279524.2508330078,233887.64092285157,45636.60991015623,1.1951219385944791
260,468690.1554091797,401734.4234355469,66955.73197363276,1.1666666535594377
261,1438360.0205322264,1262234.3188925781,176125.7016396483,1.1395348700344103
262,378997.0754863281,348058.5431552734,30938.53233105468,1.0888888749880579
263,236552.22249609375,217241.8401064453,19310.38238964844,1.0888888732492168
264,251683.23331542965,256819.62969726566,-5136.396381836006,0.9799999852507743
265,209561.81473632812,196731.5021875,12830.312548828108,1.065217377014688
266,198677.52482714845,186513.59730273436,12163.927524414088,1.0652173766434334
267,195296.38745507813,171382.54637304688,23913.841082031257,1.139534868562276
268,255570.42214746095,224276.08785839844,31294.334289062506,1.139534867884894
269,199910.6757294922,183591.44001953123,16319.23570996098,1.088888870353786
270,260225.94621777345,223050.81554394533,37175.13067382813,1.1666666431286996
271,272528.8552158203,233596.16693652346,38932.68827929685,1.1666666400817967
272,410413.5232109375,351783.029125,58630.494085937506,1.1666666360562385
273,322476.87576562504,361963.85008789063,-39486.974322265596,0.890909066436669
274,320126.1794941406,352792.12661718746,-32665.947123046848,0.9074073805550302
275,763574.5826757812,763574.6035742187,-0.020898437476716936,0.999999972630785
276,361037.76935546874,338933.425390625,22104.34396484372,1.065217362198397
277,1881539.7445683596,1727944.7045205075,153595.0400478521,1.0888888629630504
278,517809.8486826172,422701.9279785156,95107.92070410156,1.2249999690300337
279,353030.13064746093,280983.171359375,72046.95928808593,1.2564102289098962
280,385577.9125957031,299019.61241406255,86558.30018164054,1.2894736551988448
281,346182.8128320313,275533.2626933594,70649.55013867188,1.2564102404481656
282,329293.2394394531,262090.54060449215,67202.69883496096,1.2564102415904175
283,289480.536975586,230402.87533203125,59077.66164355472,1.2564102620612634
284,274379.3598505859,229582.72807031253,44796.6317802734,1.1951219595515647
285,293073.0225400391,257186.52698242187,35886.49555761722,1.1395348970207526
286,273542.377772461,238558.7225439453,34983.65522851568,1.1466458859917448
287,505996.1103232422,438529.95235253905,67466.15797070315,1.1538461799673523
288,420799.3504804687,362402.69574023434,58396.65474023437,1.1611374733870423
289,1356927.4513652343,1161234.4747753905,195692.97658984386,1.1685215009033343
290,418149.323024414,355569.139140625,62580.183883788995,1.1760000432968931
291,420741.3370742188,355483.4817480469,65257.855326171906,1.183574930135359
292,394832.08164648444,331444.0570439453,63388.02460253914,1.191248034941036
293,622005.5564921874,518761.06499023444,103244.49150195299,1.1990212806427494
294,384163.27817871096,318306.6930966797,65856.58508203126,1.2068966393428258
295,358918.04827539064,295435.9183603516,63482.129915039055,1.2148761405429658
296,312837.99413964845,255803.56008691405,57034.4340527344,1.2229618463220602
297,313907.6963632812,254969.89836523437,58937.79799804685,1.2311559065439983
298,329024.53429589845,265457.85842285154,63566.675873046916,1.2394605164477395
299,378700.72979882814,303475.7861201172,75224.94367871096,1.2478779102624569
300,390093.3611445312,310482.4337626953,79610.92738183594,1.2564104075616829
301,458988.6856826172,355950.36445507815,103038.32122753904,1.2894738466844378
302,527535.125625,356434.82942382817,171100.29620117182,1.480032483014505
303,520369.86663378903,414171.87823632814,106197.9883974609,1.2564104275975587
304,2002627.9148134766,1553058.143288086,449569.7715253907,1.2894738831693549
305,2708285.464454102,2155573.8293183595,552711.6351357424,1.2564104405138943
306,558825.2169658203,444779.18157714844,114046.03538867185,1.2564104618931904
307,637758.2027744141,598711.6847441406,39046.518030273495,1.0652175646896886
308,725089.8814658204,651100.9991103515,73988.88235546881,1.113636567071108
309,226850.87786816407,208332.40103613283,18518.476832031243,1.0888890865747736
310,108789.97432128906,255323.36102539062,-146533.38670410158,0.426087036784975
311,57504.09755273437,293388.2561328125,-235884.1585800781,0.1959999977869023
312,357061.06677539065,626678.6190644532,-269617.5522890625,0.5697674308857621
313,211665.57466015627,241903.519953125,-30237.94529296874,0.8749999780952832
314,356972.1539414062,502675.08675976563,-145702.9328183594,0.7101449093935451
315,434625.92206835945,345926.7612636719,88699.16080468753,1.2564102311155956
316,358971.7502841797,293038.16719921876,65933.58308496093,1.2249999845246669
317,468872.2203496094,392321.6558994141,76550.56445019529,1.195121944708099
318,405963.13169921876,331398.47454101563,74564.65715820313,1.225000001166193
319,446700.6353125,355537.2368007813,91163.39851171873,1.2564102689553174
320,589853.1302646485,529664.0289443359,60189.10132031259,1.113636377082798
321,771707.8791220703,582718.185828125,188989.69329394528,1.3243243438942345
322,680042.0753095702,627010.2329902343,53031.842319335905,1.0845789104053776
323,688508.6759589843,533945.4949580078,154563.18100097647,1.2894737055757575
324,713757.4230664063,524393.2023046875,189364.2207617188,1.3611111279274226
325,722986.8552324218,531174.0104619141,191812.84477050765,1.3611111255306059
326,1182043.8716533203,868440.3899003906,313603.4817529296,1.3611111198880326
327,1917748.2573203126,1487233.3379892576,430514.9193310549,1.2894736880448847
328,677547.6872089843,497790.13210644526,179757.55510253902,1.3611111259716584
329,720371.7712285157,529252.7209257813,191119.05030273437,1.3611111341448079
330,649592.9077861328,477251.9233251953,172340.98446093744,1.361111136567397
331,599024.2048291016,476774.35858593753,122249.84624316404,1.2564102788701645
332,1159512.9075673828,946541.1352089845,212971.7723583983,1.2250000178929115
333,278755.9486982422,227555.871234375,51200.0774638672,1.2250000282837477
334,528661.2651884765,474716.2314941406,53945.03369433596,1.1136363791997321
335,466460.43589746096,409342.82238085935,57117.61351660162,1.139534909112095
336,1178501.1147255858,1058245.893535156,120255.22119042976,1.1136363693212241
337,950455.091883789,853469.8711259767,96985.22075781238,1.1136363731620198
338,552213.6799404297,529674.3554326172,22539.324507812504,1.0425531730517767
339,572776.3326015625,549397.7102578125,23378.622343749972,1.0425531848918321
340,579395.965680664,567571.5634648437,11824.402215820388,1.0208333238959968
341,601090.7899365234,539755.0004667969,61335.7894697265,1.1136363524500585
342,1094928.6980859374,960855.811274414,134072.88681152347,1.1395348659375837
343,562732.7257060546,528279.7099980469,34453.01570800773,1.0652173745384526
344,768510.4769384766,643039.3957607421,125471.08117773442,1.1951219194421159
345,854703.1311347656,680273.9460166016,174429.18511816394,1.256410209650903
346,654898.3376269531,507880.36609960935,147017.9715273438,1.2894736267448257
347,810163.4890615235,595222.1841171875,214941.30494433595,1.3611110450514026
348,1310574.1209785156,962870.8274511718,347703.2935273438,1.3611110479354265
349,618566.2631435547,467080.66967187496,151485.59347167972,1.3243242619697764
350,859531.7432998047,631492.7385,228039.00479980477,1.3611110483098687
351,1424810.8714824219,1075877.6506542969,348933.220828125,1.3243242580751824
352,666495.380631836,1044371.8369599609,-377876.45632812486,0.6381782398230144
353,1706115.2849453122,1183835.1510859376,522280.13385937456,1.441176403133734
354,424395.08842675784,303139.3622607422,121255.72616601567,1.3999999381859187
355,822693.9529228515,570848.8883769531,251845.06454589847,1.4411764123110558
356,531666.0052070313,412312.4285390625,119353.57666796877,1.2894736331157217
357,1114448.5715156249,864266.2678935546,250182.30362207023,1.2894736413025012
358,534006.6190322265,457719.973,76286.6460322265,1.1666666314170793
359,597254.9771542968,487555.09923339845,109699.87792089838,1.224999960196055
360,509833.17816308595,416190.3641376953,93642.81402539066,1.224999956977402
361,482579.9257373047,413639.9544804687,68939.97125683597,1.1666666155193457
362,422450.44763183594,362100.3996835937,60350.04794824222,1.1666666151182838
363,521967.23324609373,383486.14628222655,138481.0869638672,1.361111055266002
364,542351.8103261719,409530.9730810547,132820.83724511723,1.3243242782001479
