Flux,Date,Source
420000.0,2025-01-01,Real
420000.0,2025-01-01,Real
480000.0,2025-01-02,Real
480000.0,2025-01-02,Real
430000.0,2025-01-03,Real
430000.0,2025-01-03,Real
460000.0,2025-01-04,Real
460000.0,2025-01-04,Real
430000.0,2025-01-05,Real
430000.0,2025-01-05,Real
420000.0,2025-01-06,Real
420000.0,2025-01-06,Real
410000.0,2025-01-07,Real
410000.0,2025-01-07,Real
420000.0,2025-01-08,Real
420000.0,2025-01-08,Real
420000.0,2025-01-09,Real
420000.0,2025-01-09,Real
430000.0,2025-01-10,Real
430000.0,2025-01-10,Real
490000.0,2025-01-11,Real
490000.0,2025-01-11,Real
460000.0,2025-01-12,Real
460000.0,2025-01-12,Real
440000.0,2025-01-13,Real
440000.0,2025-01-13,Real
460000.0,2025-01-14,Real
460000.0,2025-01-14,Real
450000.0,2025-01-15,Real
450000.0,2025-01-15,Real
460000.0,2025-01-16,Real
460000.0,2025-01-16,Real
530000.0,2025-01-17,Real
530000.0,2025-01-17,Real
575000.0,2025-01-18,Interpoliated
575000.0,2025-01-18,Interpoliated
710000.0,2025-01-21,Real
710000.0,2025-01-21,Real
440000.0,2025-01-22,Real
440000.0,2025-01-22,Real
620000.0,2025-01-23,Real
620000.0,2025-01-23,Real
530000.0,2025-01-24,Real
530000.0,2025-01-24,Real
480000.0,2025-01-25,Real
480000.0,2025-01-25,Real
450000.0,2025-01-26,Real
450000.0,2025-01-26,Real
440000.0,2025-01-27,Real
440000.0,2025-01-27,Real
420000.0,2025-01-28,Real
420000.0,2025-01-28,Real
400000.0,2025-01-29,Real
410000.0,2025-01-30,Real
400000.0,2025-01-31,Real
410000.0,2025-02-01,Real
420000.0,2025-02-02,Real
470000.0,2025-02-03,Real
420000.0,2025-02-04,Real
400000.0,2025-02-05,Real
430000.0,2025-02-06,Real
420000.0,2025-02-07,Real
460000.0,2025-02-08,Real
450000.0,2025-02-09,Real
440000.0,2025-02-10,Real
420000.0,2025-02-11,Real
400000.0,2025-02-12,Real
420000.0,2025-02-13,Real
440000.0,2025-02-14,Real
420000.0,2025-02-15,Real
440000.0,2025-02-16,Real
440000.0,2025-02-17,Real
460000.0,2025-02-18,Real
420000.0,2025-02-19,Real
430000.0,2025-02-20,Real
480000.0,2025-02-21,Real
450000.0,2025-02-22,Real
400000.0,2025-02-23,Real
430000.0,2025-02-24,Real
450000.0,2025-02-25,Real
420000.0,2025-02-26,Real
420000.0,2025-02-27,Real
400000.0,2025-02-28,Real
380000.0,2025-03-01,Real
380000.0,2025-03-02,Real
380000.0,2025-03-03,Real
390000.0,2025-03-04,Real
430000.0,2025-03-05,Real
430000.0,2025-03-06,Real
400000.0,2025-03-07,Real
410000.0,2025-03-08,Real
410000.0,2025-03-09,Real
420000.0,2025-03-10,Real
400000.0,2025-03-11,Real
430000.0,2025-03-12,Real
410000.0,2025-03-13,Real
420000.0,2025-03-14,Real
450000.0,2025-03-15,Real
440000.0,2025-03-16,Real
480000.0,2025-03-17,Real
450000.0,2025-03-18,Real
400000.0,2025-03-19,Real
400000.0,2025-03-20,Real
410000.0,2025-03-21,Real
430000.0,2025-03-22,Real
390000.0,2025-03-23,Real
420000.0,2025-03-24,Real
290000.0,2025-03-25,Real
430000.0,2025-03-26,Real
400000.0,2025-03-27,Real
410000.0,2025-03-28,Real
420000.0,2025-03-29,Real
380000.0,2025-03-30,Real
370000.0,2025-03-31,Real
420000.0,2025-04-01,Real
430000.0,2025-04-02,Real
450000.0,2025-04-03,Real
490000.0,2025-04-04,Real
500000.0,2025-04-05,Real
460000.0,2025-04-06,Real
460000.0,2025-04-07,Real
400000.0,2025-04-08,Real
400000.0,2025-04-09,Real
410000.0,2025-04-10,Real
440000.0,2025-04-11,Real
440000.0,2025-04-12,Real
460000.0,2025-04-13,Real
450000.0,2025-04-14,Real
500000.0,2025-04-15,Real
500000.0,2025-04-16,Real
470000.0,2025-04-17,Real
460000.0,2025-04-18,Real
420000.0,2025-04-19,Real
410000.0,2025-04-20,Real
380000.0,2025-04-21,Real
440000.0,2025-04-22,Real
400000.0,2025-04-23,Real
400000.0,2025-04-24,Real
390000.0,2025-04-25,Real
340000.0,2025-04-26,Real
420000.0,2025-04-27,Real
390000.0,2025-04-28,Real
440000.0,2025-04-29,Real
420000.0,2025-04-30,Real
410000.0,2025-05-01,Real
440000.0,2025-05-02,Real
460000.0,2025-05-03,Real
430000.0,2025-05-04,Real
450000.0,2025-05-05,Real
400000.0,2025-05-06,Real
420000.0,2025-05-07,Real
420000.0,2025-05-08,Real
350000.0,2025-05-09,Real
410000.0,2025-05-10,Real
410000.0,2025-05-11,Real
400000.0,2025-05-12,Real
390000.0,2025-05-13,Real
400000.0,2025-05-14,Real
390000.0,2025-05-15,Real
350000.0,2025-05-16,Real
390000.0,2025-05-17,Real
370000.0,2025-05-18,Real
390000.0,2025-05-19,Real
390000.0,2025-05-20,Real
380000.0,2025-05-21,Real
370000.0,2025-05-22,Real
280000.0,2025-05-23,Real
350000.0,2025-05-24,Real
380000.0,2025-05-25,Real
390000.0,2025-05-26,Real
470000.0,2025-05-27,Real
480000.0,2025-05-28,Real
410000.0,2025-05-29,Real
430000.0,2025-05-30,Real
490000.0,2025-05-31,Real
430000.0,2025-06-01,Real
420000.0,2025-06-02,Real
310000.0,2025-06-03,Real
390000.0,2025-06-04,Real
370000.0,2025-06-05,Real
400000.0,2025-06-06,Real
380000.0,2025-06-07,Real
370000.0,2025-06-08,Real
350000.0,2025-06-09,Real
370000.0,2025-06-10,Real
360000.0,2025-06-11,Real
390000.0,2025-06-12,Real
410000.0,2025-06-13,Real
440000.0,2025-06-14,Real
440000.0,2025-06-15,Real
420000.0,2025-06-16,Real
440000.0,2025-06-17,Real
400000.0,2025-06-18,Real
380000.0,2025-06-19,Real
370000.0,2025-06-20,Real
360000.0,2025-06-21,Real
370000.0,2025-06-22,Real
370000.0,2025-06-23,Real
370000.0,2025-06-24,Real
390000.0,2025-06-25,Real
390000.0,2025-06-26,Real
360000.0,2025-06-27,Real
390000.0,2025-06-28,Real
400000.0,2025-06-29,Real
400000.0,2025-06-30,Real
410000.0,2025-07-01,Real
400000.0,2025-07-02,Real
410000.0,2025-07-03,Real
380000.0,2025-07-04,Real
350000.0,2025-07-05,Real
360000.0,2025-07-06,Real
360000.0,2025-07-07,Real
390000.0,2025-07-08,Real
390000.0,2025-07-09,Real
400000.0,2025-07-10,Real
430000.0,2025-07-11,Real
480000.0,2025-07-12,Real
440000.0,2025-07-13,Real
410000.0,2025-07-14,Real
410000.0,2025-07-15,Real
380000.0,2025-07-16,Real
490000.0,2025-07-17,Real
440000.0,2025-07-18,Real
390000.0,2025-07-21,Real
410000.0,2025-07-22,Real
420000.0,2025-07-23,Real
440000.0,2025-07-24,Real
410000.0,2025-07-25,Real
410000.0,2025-07-26,Real
410000.0,2025-07-27,Real
400000.0,2025-07-28,Real
420000.0,2025-07-29,Real
420000.0,2025-07-30,Real
390000.0,2025-07-31,Real
400000.0,2025-08-01,Real
470000.0,2025-08-02,Real
480000.0,2025-08-03,Real
430000.0,2025-08-04,Real
430000.0,2025-08-05,Real
440000.0,2025-08-06,Real
460000.0,2025-08-07,Real
480000.0,2025-08-08,Real
420000.0,2025-08-09,Real
420000.0,2025-08-10,Real
450000.0,2025-08-11,Real
420000.0,2025-08-12,Real
400000.0,2025-08-13,Real
380000.0,2025-08-14,Real
390000.0,2025-08-15,Real
380000.0,2025-08-16,Real
370000.0,2025-08-17,Real
370000.0,2025-08-18,Real
400000.0,2025-08-19,Real
390000.0,2025-08-20,Real
370000.0,2025-08-21,Real
420000.0,2025-08-22,Real
410000.0,2025-08-23,Real
410000.0,2025-08-24,Interpoliated
410000.0,2025-08-25,Real
440000.0,2025-08-26,Real
480000.0,2025-08-27,Real
510000.0,2025-08-28,Real
510000.0,2025-08-29,Real
450000.0,2025-09-02,Real
490000.0,2025-09-03,Real
450000.0,2025-09-04,Real
450000.0,2025-09-05,Real
410000.0,2025-09-06,Real
410000.0,2025-09-07,Real
430000.0,2025-09-08,Real
390000.0,2025-09-09,Real
360000.0,2025-09-10,Real
360000.0,2025-09-11,Real
370000.0,2025-09-12,Real
370000.0,2025-09-13,Real
560000.0,2025-09-14,Real
390000.0,2025-09-15,Real
400000.0,2025-09-16,Real
410000.0,2025-09-17,Real
420000.0,2025-09-18,Real
430000.0,2025-09-19,Real
450000.0,2025-09-20,Real
450000.0,2025-09-21,Real
500000.0,2025-09-22,Real
460000.0,2025-09-23,Real
460000.0,2025-09-24,Real
430000.0,2025-09-25,Real
430000.0,2025-09-26,Real
450000.0,2025-09-27,Real
420000.0,2025-09-28,Real
420000.0,2025-09-29,Real
420000.0,2025-09-30,Real
550000.0,2025-10-01,Real
540000.0,2025-10-02,Real
490000.0,2025-10-03,Real
460000.0,2025-10-04,Real
450000.0,2025-10-05,Real
400000.0,2025-10-06,Real
390000.0,2025-10-07,Real
380000.0,2025-10-08,Real
390000.0,2025-10-09,Real
390000.0,2025-10-10,Real
390000.0,2025-10-11,Real
410000.0,2025-10-12,Real
430000.0,2025-10-13,Real
427333.3333333333,2025-10-14,Interpoliated
424666.6666666667,2025-10-15,Interpoliated
422000.0,2025-10-16,Interpoliated
419333.3333333333,2025-10-17,Interpoliated
416666.6666666667,2025-10-18,Interpoliated
414000.0,2025-10-19,Interpoliated
411333.3333333333,2025-10-20,Interpoliated
408666.6666666667,2025-10-21,Interpoliated
406000.0,2025-10-22,Interpoliated
403333.3333333333,2025-10-23,Interpoliated
400666.6666666667,2025-10-24,Interpoliated
398000.0,2025-10-25,Interpoliated
395333.3333333333,2025-10-26,Interpoliated
392666.6666666667,2025-10-27,Interpoliated
390000.0,2025-10-28,Real
380000.0,2025-10-29,Real
390000.0,2025-10-30,Real
390000.0,2025-10-31,Real
380000.0,2025-11-01,Real
390000.0,2025-11-02,Real
390000.0,2025-11-03,Real
460000.0,2025-11-04,Real
440000.0,2025-11-05,Real
450000.0,2025-11-06,Real
1150000.0,2025-11-07,Real
2500000.0,2025-11-08,Real
860000.0,2025-11-09,Real
560000.0,2025-11-10,Real
690000.0,2025-11-11,Real
390000.0,2025-11-12,Real
400000.0,2025-11-13,Real
410000.0,2025-11-14,Real
400000.0,2025-11-15,Real
390000.0,2025-11-16,Real
440000.0,2025-11-17,Real
370000.0,2025-11-18,Real
360000.0,2025-11-19,Real
380000.0,2025-11-20,Real
360000.0,2025-11-21,Real
360000.0,2025-11-22,Real
360000.0,2025-11-23,Real
380000.0,2025-11-24,Real
360000.0,2025-11-25,Real
360000.0,2025-11-26,Real
360000.0,2025-11-27,Real
390000.0,2025-11-28,Real
400000.0,2025-11-29,Real
400000.0,2025-11-30,Real
440000.0,2025-12-01,Real
430000.0,2025-12-02,Real
440000.0,2025-12-03,Real
440000.0,2025-12-04,Real
470000.0,2025-12-05,Real
470000.0,2025-12-06,Real
480000.0,2025-12-07,Real
440000.0,2025-12-08,Real
430000.0,2025-12-09,Real
460000.0,2025-12-10,Real
410000.0,2025-12-11,Real
390000.0,2025-12-12,Real
380000.0,2025-12-13,Real
360000.0,2025-12-14,Real
360000.0,2025-12-15,Real
370000.0,2025-12-16,Real
360000.0,2025-12-17,Real
370000.0,2025-12-18,Real
330000.0,2025-12-19,Real
340000.0,2025-12-20,Real
350000.0,2025-12-21,Real
340000.0,2025-12-22,Real
380000.0,2025-12-23,Real
380000.0,2025-12-24,Real
420000.0,2025-12-25,Real
400000.0,2025-12-26,Real
400000.0,2025-12-27,Real
420000.0,2025-12-28,Real
420000.0,2025-12-29,Real
360000.0,2025-12-30,Real
370000.0,2025-12-31,Real
