Date,Flux,Source
2025-01-01,420000.0,Real
2025-01-02,480000.0,Real
2025-01-03,430000.0,Real
2025-01-04,460000.0,Real
2025-01-05,430000.0,Real
2025-01-06,420000.0,Real
2025-01-07,410000.0,Real
2025-01-08,420000.0,Real
2025-01-09,420000.0,Real
2025-01-10,430000.0,Real
2025-01-11,490000.0,Real
2025-01-12,460000.0,Real
2025-01-13,440000.0,Real
2025-01-14,460000.0,Real
2025-01-15,450000.0,Real
2025-01-16,460000.0,Real
2025-01-17,530000.0,Real
2025-01-18,575000.0,Interpoliated
2025-01-19,620000.0,Interpoliated
2025-01-20,665000.0,Interpoliated
2025-01-21,710000.0,Real
2025-01-22,440000.0,Real
2025-01-23,620000.0,Real
2025-01-24,530000.0,Real
2025-01-25,480000.0,Real
2025-01-26,450000.0,Real
2025-01-27,440000.0,Real
2025-01-28,420000.0,Real
2025-01-29,400000.0,Real
2025-01-30,410000.0,Real
2025-01-31,400000.0,Real
2025-02-01,410000.0,Real
2025-02-02,420000.0,Real
2025-02-03,470000.0,Real
2025-02-04,420000.0,Real
2025-02-05,400000.0,Real
2025-02-06,430000.0,Real
2025-02-07,420000.0,Real
2025-02-08,460000.0,Real
2025-02-09,450000.0,Real
2025-02-10,440000.0,Real
2025-02-11,420000.0,Real
2025-02-12,400000.0,Real
2025-02-13,420000.0,Real
2025-02-14,440000.0,Real
2025-02-15,420000.0,Real
2025-02-16,440000.0,Real
2025-02-17,440000.0,Real
2025-02-18,460000.0,Real
2025-02-19,420000.0,Real
2025-02-20,430000.0,Real
2025-02-21,480000.0,Real
2025-02-22,450000.0,Real
2025-02-23,400000.0,Real
2025-02-24,430000.0,Real
2025-02-25,450000.0,Real
2025-02-26,420000.0,Real
2025-02-27,420000.0,Real
2025-02-28,400000.0,Real
2025-03-01,380000.0,Real
2025-03-02,380000.0,Real
2025-03-03,380000.0,Real
2025-03-04,390000.0,Real
2025-03-05,430000.0,Real
2025-03-06,430000.0,Real
2025-03-07,400000.0,Real
2025-03-08,410000.0,Real
2025-03-09,410000.0,Real
2025-03-10,420000.0,Real
2025-03-11,400000.0,Real
2025-03-12,430000.0,Real
2025-03-13,410000.0,Real
2025-03-14,420000.0,Real
2025-03-15,450000.0,Real
2025-03-16,440000.0,Real
2025-03-17,480000.0,Real
2025-03-18,450000.0,Real
2025-03-19,400000.0,Real
2025-03-20,400000.0,Real
2025-03-21,410000.0,Real
2025-03-22,430000.0,Real
2025-03-23,390000.0,Real
2025-03-24,420000.0,Real
2025-03-25,290000.0,Real
2025-03-26,430000.0,Real
2025-03-27,400000.0,Real
2025-03-28,410000.0,Real
2025-03-29,420000.0,Real
2025-03-30,380000.0,Real
2025-03-31,370000.0,Real
2025-04-01,420000.0,Real
2025-04-02,430000.0,Real
2025-04-03,450000.0,Real
2025-04-04,490000.0,Real
2025-04-05,500000.0,Real
2025-04-06,460000.0,Real
2025-04-07,460000.0,Real
2025-04-08,400000.0,Real
2025-04-09,400000.0,Real
2025-04-10,410000.0,Real
2025-04-11,440000.0,Real
2025-04-12,440000.0,Real
2025-04-13,460000.0,Real
2025-04-14,450000.0,Real
2025-04-15,500000.0,Real
2025-04-16,500000.0,Real
2025-04-17,470000.0,Real
2025-04-18,460000.0,Real
2025-04-19,420000.0,Real
2025-04-20,410000.0,Real
2025-04-21,380000.0,Real
2025-04-22,440000.0,Real
2025-04-23,400000.0,Real
2025-04-24,400000.0,Real
2025-04-25,390000.0,Real
2025-04-26,340000.0,Real
2025-04-27,420000.0,Real
2025-04-28,390000.0,Real
2025-04-29,440000.0,Real
2025-04-30,420000.0,Real
2025-05-01,410000.0,Real
2025-05-02,440000.0,Real
2025-05-03,460000.0,Real
2025-05-04,430000.0,Real
2025-05-05,450000.0,Real
2025-05-06,400000.0,Real
2025-05-07,420000.0,Real
2025-05-08,420000.0,Real
2025-05-09,350000.0,Real
2025-05-10,410000.0,Real
2025-05-11,410000.0,Real
2025-05-12,400000.0,Real
2025-05-13,390000.0,Real
2025-05-14,400000.0,Real
2025-05-15,390000.0,Real
2025-05-16,350000.0,Real
2025-05-17,390000.0,Real
2025-05-18,370000.0,Real
2025-05-19,390000.0,Real
2025-05-20,390000.0,Real
2025-05-21,380000.0,Real
2025-05-22,370000.0,Real
2025-05-23,280000.0,Real
2025-05-24,350000.0,Real
2025-05-25,380000.0,Real
2025-05-26,390000.0,Real
2025-05-27,470000.0,Real
2025-05-28,480000.0,Real
2025-05-29,410000.0,Real
2025-05-30,430000.0,Real
2025-05-31,490000.0,Real
2025-06-01,430000.0,Real
2025-06-02,420000.0,Real
2025-06-03,310000.0,Real
2025-06-04,390000.0,Real
2025-06-05,370000.0,Real
2025-06-06,400000.0,Real
2025-06-07,380000.0,Real
2025-06-08,370000.0,Real
2025-06-09,350000.0,Real
2025-06-10,370000.0,Real
2025-06-11,360000.0,Real
2025-06-12,390000.0,Real
2025-06-13,410000.0,Real
2025-06-14,440000.0,Real
2025-06-15,440000.0,Real
2025-06-16,420000.0,Real
2025-06-17,440000.0,Real
2025-06-18,400000.0,Real
2025-06-19,380000.0,Real
2025-06-20,370000.0,Real
2025-06-21,360000.0,Real
2025-06-22,370000.0,Real
2025-06-23,370000.0,Real
2025-06-24,370000.0,Real
2025-06-25,390000.0,Real
2025-06-26,390000.0,Real
2025-06-27,360000.0,Real
2025-06-28,390000.0,Real
2025-06-29,400000.0,Real
2025-06-30,400000.0,Real
2025-07-01,410000.0,Real
2025-07-02,400000.0,Real
2025-07-03,410000.0,Real
2025-07-04,380000.0,Real
2025-07-05,350000.0,Real
2025-07-06,360000.0,Real
2025-07-07,360000.0,Real
2025-07-08,390000.0,Real
2025-07-09,390000.0,Real
2025-07-10,400000.0,Real
2025-07-11,430000.0,Real
2025-07-12,480000.0,Real
2025-07-13,440000.0,Real
2025-07-14,410000.0,Real
2025-07-15,410000.0,Real
2025-07-16,380000.0,Real
2025-07-17,490000.0,Real
2025-07-18,440000.0,Real
2025-07-19,423333.3333333333,Interpoliated
2025-07-20,406666.6666666667,Interpoliated
2025-07-21,390000.0,Real
2025-07-22,410000.0,Real
2025-07-23,420000.0,Real
2025-07-24,440000.0,Real
2025-07-25,410000.0,Real
2025-07-26,410000.0,Real
2025-07-27,410000.0,Real
2025-07-28,400000.0,Real
2025-07-29,420000.0,Real
2025-07-30,420000.0,Real
2025-07-31,390000.0,Real
2025-08-01,400000.0,Real
2025-08-02,470000.0,Real
2025-08-03,480000.0,Real
2025-08-04,430000.0,Real
2025-08-05,430000.0,Real
2025-08-06,440000.0,Real
2025-08-07,460000.0,Real
2025-08-08,480000.0,Real
2025-08-09,420000.0,Real
2025-08-10,420000.0,Real
2025-08-11,450000.0,Real
2025-08-12,420000.0,Real
2025-08-13,400000.0,Real
2025-08-14,380000.0,Real
2025-08-15,390000.0,Real
2025-08-16,380000.0,Real
2025-08-17,370000.0,Real
2025-08-18,370000.0,Real
2025-08-19,400000.0,Real
2025-08-20,390000.0,Real
2025-08-21,370000.0,Real
2025-08-22,420000.0,Real
2025-08-23,410000.0,Real
2025-08-24,410000.0,Interpoliated
2025-08-25,410000.0,Real
2025-08-26,440000.0,Real
2025-08-27,480000.0,Real
2025-08-28,510000.0,Real
2025-08-29,510000.0,Real
2025-08-30,509178.08219178085,Interpoliated
2025-08-31,508356.16438356164,Interpoliated
2025-09-01,450821.9178082192,Interpoliated
2025-09-02,450000.0,Real
2025-09-03,490000.0,Real
2025-09-04,450000.0,Real
2025-09-05,450000.0,Real
2025-09-06,410000.0,Real
2025-09-07,410000.0,Real
2025-09-08,430000.0,Real
2025-09-09,390000.0,Real
2025-09-10,360000.0,Real
2025-09-11,360000.0,Real
2025-09-12,370000.0,Real
2025-09-13,370000.0,Real
2025-09-14,560000.0,Real
2025-09-15,390000.0,Real
2025-09-16,400000.0,Real
2025-09-17,410000.0,Real
2025-09-18,420000.0,Real
2025-09-19,430000.0,Real
2025-09-20,450000.0,Real
2025-09-21,450000.0,Real
2025-09-22,500000.0,Real
2025-09-23,460000.0,Real
2025-09-24,460000.0,Real
2025-09-25,430000.0,Real
2025-09-26,430000.0,Real
2025-09-27,450000.0,Real
2025-09-28,420000.0,Real
2025-09-29,420000.0,Real
2025-09-30,420000.0,Real
2025-10-01,550000.0,Real
2025-10-02,540000.0,Real
2025-10-03,490000.0,Real
2025-10-04,460000.0,Real
2025-10-05,450000.0,Real
2025-10-06,400000.0,Real
2025-10-07,390000.0,Real
2025-10-08,380000.0,Real
2025-10-09,390000.0,Real
2025-10-10,390000.0,Real
2025-10-11,390000.0,Real
2025-10-12,410000.0,Real
2025-10-13,430000.0,Real
2025-10-14,427333.3333333333,Interpoliated
2025-10-15,424666.6666666667,Interpoliated
2025-10-16,422000.0,Interpoliated
2025-10-17,419333.3333333333,Interpoliated
2025-10-18,416666.6666666667,Interpoliated
2025-10-19,414000.0,Interpoliated
2025-10-20,411333.3333333333,Interpoliated
2025-10-21,408666.6666666667,Interpoliated
2025-10-22,406000.0,Interpoliated
2025-10-23,403333.3333333333,Interpoliated
2025-10-24,400666.6666666667,Interpoliated
2025-10-25,398000.0,Interpoliated
2025-10-26,395333.3333333333,Interpoliated
2025-10-27,392666.6666666667,Interpoliated
2025-10-28,390000.0,Real
2025-10-29,380000.0,Real
2025-10-30,390000.0,Real
2025-10-31,390000.0,Real
2025-11-01,380000.0,Real
2025-11-02,390000.0,Real
2025-11-03,390000.0,Real
2025-11-04,460000.0,Real
2025-11-05,440000.0,Real
2025-11-06,450000.0,Real
2025-11-07,1150000.0,Real
2025-11-08,2500000.0,Real
2025-11-09,860000.0,Real
2025-11-10,560000.0,Real
2025-11-11,690000.0,Real
2025-11-12,390000.0,Real
2025-11-13,400000.0,Real
2025-11-14,410000.0,Real
2025-11-15,400000.0,Real
2025-11-16,390000.0,Real
2025-11-17,440000.0,Real
2025-11-18,370000.0,Real
2025-11-19,360000.0,Real
2025-11-20,380000.0,Real
2025-11-21,360000.0,Real
2025-11-22,360000.0,Real
2025-11-23,360000.0,Real
2025-11-24,380000.0,Real
2025-11-25,360000.0,Real
2025-11-26,360000.0,Real
2025-11-27,360000.0,Real
2025-11-28,390000.0,Real
2025-11-29,400000.0,Real
2025-11-30,400000.0,Real
2025-12-01,440000.0,Real
2025-12-02,430000.0,Real
2025-12-03,440000.0,Real
2025-12-04,440000.0,Real
2025-12-05,470000.0,Real
2025-12-06,470000.0,Real
2025-12-07,480000.0,Real
2025-12-08,440000.0,Real
2025-12-09,430000.0,Real
2025-12-10,460000.0,Real
2025-12-11,410000.0,Real
2025-12-12,390000.0,Real
2025-12-13,380000.0,Real
2025-12-14,360000.0,Real
2025-12-15,360000.0,Real
2025-12-16,370000.0,Real
2025-12-17,360000.0,Real
2025-12-18,370000.0,Real
2025-12-19,330000.0,Real
2025-12-20,340000.0,Real
2025-12-21,350000.0,Real
2025-12-22,340000.0,Real
2025-12-23,380000.0,Real
2025-12-24,380000.0,Real
2025-12-25,420000.0,Real
2025-12-26,400000.0,Real
2025-12-27,400000.0,Real
2025-12-28,420000.0,Real
2025-12-29,420000.0,Real
2025-12-30,360000.0,Real
2025-12-31,370000.0,Real
